time_hours,Tf_0*L,Tf_0.25*L,Tf_0.50*L,Tf_0.75*L,Tf_1*L,Ts_0*L,Ts_0.25*L,Ts_0.50*L,Ts_0.75*L,Ts_1*L
0.000000,10.00,10.00,10.00,10.00,10.00,10.00,10.00,10.00,10.00,10.00
0.000278,10.21,10.09,10.04,10.02,10.01,10.00,10.00,10.00,10.00,10.00
0.000611,10.46,10.23,10.11,10.06,10.03,10.00,10.00,10.00,10.00,10.00
0.001011,10.76,10.37,10.18,10.09,10.05,10.01,10.00,10.00,10.00,10.00
0.001491,11.12,10.56,10.28,10.14,10.07,10.02,10.01,10.00,10.00,10.00
0.002067,11.56,10.77,10.39,10.20,10.10,10.04,10.02,10.01,10.00,10.00
0.002758,12.08,11.05,10.53,10.27,10.14,10.06,10.03,10.02,10.01,10.00
0.003588,12.70,11.36,10.70,10.36,10.19,10.10,10.05,10.03,10.01,10.01
0.004583,13.45,11.76,10.91,10.47,10.24,10.17,10.08,10.04,10.02,10.01
0.005777,14.34,12.23,11.16,10.60,10.32,10.27,10.13,10.07,10.04,10.02
0.007211,15.41,12.80,11.47,10.77,10.41,10.41,10.21,10.11,10.06,10.03
0.008931,16.68,13.49,11.85,10.98,10.53,10.62,10.32,10.16,10.09,10.05
0.010995,18.18,14.34,12.33,11.25,10.68,10.92,10.48,10.25,10.13,10.07
0.013471,19.96,15.36,12.92,11.59,10.87,11.35,10.71,10.37,10.20,10.11
0.016443,22.05,16.60,13.65,12.01,11.12,11.96,11.04,10.56,10.30,10.16
0.020010,24.46,18.07,14.54,12.55,11.44,12.80,11.50,10.82,10.45,10.25
0.024289,27.20,19.82,15.65,13.23,11.86,13.96,12.16,11.19,10.66,10.37
0.029425,30.22,21.85,16.98,14.09,12.41,15.51,13.07,11.73,10.97,10.55
0.035588,33.40,24.16,18.57,15.15,13.10,17.54,14.30,12.47,11.42,10.82
0.042983,36.46,26.63,20.41,16.44,13.99,20.10,15.92,13.49,12.05,11.21
0.051858,38.93,29.07,22.41,17.95,15.08,23.15,17.97,14.85,12.93,11.78
0.061752,39.99,30.92,24.26,19.51,16.29,26.27,20.24,16.44,14.02,12.51
0.071691,39.20,31.76,25.60,20.85,17.43,28.82,22.35,18.05,15.18,13.32
0.081689,36.58,31.46,26.31,21.87,18.45,30.57,24.12,19.55,16.35,14.20
0.091747,32.25,29.99,26.28,22.49,19.26,31.31,25.40,20.85,17.47,15.09
0.101861,26.48,27.36,25.46,22.61,19.79,30.93,26.04,21.83,18.46,15.95
0.111878,19.72,23.75,23.85,22.19,19.99,29.40,25.95,22.38,19.23,16.71
0.121754,12.44,19.36,21.52,21.22,19.80,26.80,25.09,22.44,19.71,17.33
0.131492,5.13,14.49,18.62,19.72,19.21,23.31,23.49,21.98,19.86,17.76
0.141086,-1.80,9.40,15.28,17.78,18.24,19.12,21.24,20.99,19.64,17.95
0.150510,-7.94,4.45,11.73,15.50,16.93,14.52,18.47,19.53,19.05,17.88
0.159756,-13.00,-0.11,8.17,13.02,15.36,9.77,15.33,17.68,18.12,17.54
0.168836,-16.76,-4.03,4.82,10.48,13.62,5.12,12.01,15.53,16.89,16.95
0.177777,-19.11,-7.14,1.83,8.03,11.81,0.82,8.69,13.20,15.43,16.14
0.186616,-19.99,-9.31,-0.65,5.78,10.03,-2.96,5.51,10.82,13.81,15.14
0.195404,-19.41,-10.48,-2.52,3.85,8.35,-6.05,2.64,8.48,12.10,14.01
0.204196,-17.40,-10.61,-3.70,2.31,6.87,-8.33,0.18,6.31,10.40,12.80
0.213046,-14.03,-9.71,-4.16,1.22,5.63,-9.70,-1.75,4.39,8.77,11.55
0.222004,-9.41,-7.79,-3.88,0.63,4.69,-10.07,-3.06,2.80,7.29,10.34
0.231120,-3.71,-4.96,-2.87,0.56,4.09,-9.41,-3.68,1.64,6.02,9.21
0.240436,2.86,-1.29,-1.18,1.00,3.84,-7.70,-3.58,0.94,5.02,8.20
0.249987,9.99,3.03,1.12,1.94,3.95,-4.97,-2.72,0.75,4.33,7.37
0.259709,17.25,7.77,3.90,3.30,4.41,-1.36,-1.15,1.09,4.00,6.75
0.269432,24.08,12.55,6.94,4.99,5.16,2.88,1.01,1.92,4.03,6.38
0.279176,30.08,17.16,10.09,6.90,6.16,7.52,3.63,3.16,4.39,6.24
0.288952,34.90,21.30,13.18,8.93,7.33,12.28,6.57,4.75,5.05,6.34
0.298769,38.23,24.79,16.06,10.98,8.62,16.90,9.67,6.59,5.96,6.64
0.308635,39.86,27.40,18.56,12.95,9.97,21.12,12.77,8.60,7.08,7.13
0.318556,39.65,28.99,20.57,14.75,11.32,24.68,15.68,10.65,8.34,7.79
0.328536,37.60,29.41,21.95,16.25,12.58,27.36,18.26,12.66,9.69,8.57
0.338575,33.79,28.64,22.60,17.39,13.69,28.98,20.33,14.50,11.05,9.43
0.348672,28.43,26.65,22.44,18.05,14.57,29.39,21.75,16.05,12.33,10.33
0.358790,21.89,23.56,21.45,18.18,15.15,28.56,22.41,17.21,13.46,11.22
0.368758,14.69,19.57,19.67,17.73,15.36,26.55,22.25,17.86,14.34,12.00
0.378576,7.31,14.99,17.23,16.73,15.17,23.51,21.27,17.98,14.90,12.64
0.388253,0.19,10.07,14.28,15.23,14.60,19.68,19.56,17.54,15.11,13.08
0.397794,-6.26,5.15,11.00,13.33,13.66,15.28,17.23,16.58,14.95,13.28
0.407181,-11.70,0.52,7.61,11.15,12.42,10.61,14.43,15.16,14.42,13.24
0.416413,-15.88,-3.55,4.34,8.85,10.97,5.95,11.35,13.37,13.56,12.94
0.425505,-18.65,-6.85,1.37,6.57,9.40,1.56,8.18,11.34,12.42,12.40
0.434487,-19.91,-9.23,-1.13,4.44,7.81,-2.36,5.09,9.19,11.09,11.67
0.443398,-19.67,-10.61,-3.05,2.59,6.30,-5.62,2.26,7.04,9.64,10.78
0.452293,-17.95,-10.93,-4.29,1.11,4.95,-8.08,-0.20,5.01,8.16,9.80
0.461227,-14.82,-10.20,-4.81,0.07,3.84,-9.63,-2.15,3.20,6.72,8.76
0.470255,-10.40,-8.43,-4.59,-0.49,3.00,-10.19,-3.50,1.70,5.40,7.74
0.479427,-4.83,-5.71,-3.64,-0.54,2.49,-9.70,-4.18,0.59,4.27,6.78
0.488788,1.66,-2.12,-1.98,-0.07,2.32,-8.15,-4.13,-0.06,3.39,5.94
0.498377,8.78,2.15,0.30,0.89,2.51,-5.56,-3.33,-0.21,2.81,5.25
0.508098,16.06,6.87,3.06,2.29,3.04,-2.06,-1.81,0.15,2.58,4.77
0.517819,22.99,11.68,6.12,4.01,3.86,2.11,0.31,1.00,2.68,4.52
0.527559,29.16,16.35,9.30,5.96,4.92,6.70,2.91,2.27,3.12,4.50
0.537329,34.19,20.59,12.44,8.04,6.16,11.47,5.85,3.88,3.84,4.69
0.547138,37.79,24.22,15.39,10.15,7.53,16.14,8.96,5.75,4.82,5.09
0.556996,39.71,26.99,17.99,12.20,8.95,20.44,12.09,7.80,6.00,5.68
0.566908,39.82,28.76,20.12,14.07,10.38,24.14,15.08,9.91,7.33,6.42
0.576878,38.06,29.39,21.63,15.68,11.73,26.98,17.74,11.98,8.75,7.29
0.586907,34.53,28.83,22.43,16.92,12.93,28.78,19.92,13.89,10.18,8.24
0.596994,29.41,27.04,22.42,17.70,13.92,29.40,21.48,15.54,11.55,9.23
0.607136,23.02,24.12,21.58,17.95,14.60,28.78,22.29,16.81,12.78,10.21
0.617130,15.90,20.26,19.94,17.63,14.93,26.95,22.27,17.58,13.76,11.10
0.626973,8.51,15.76,17.61,16.74,14.86,24.07,21.43,17.81,14.43,11.84
0.636671,1.33,10.88,14.73,15.35,14.39,20.35,19.85,17.49,14.74,12.38
0.646236,-5.26,5.94,11.50,13.52,13.54,16.03,17.61,16.63,14.68,12.69
0.655651,-10.89,1.24,8.12,11.40,12.38,11.38,14.88,15.30,14.25,12.75
0.664910,-15.29,-2.94,4.82,9.12,10.99,6.71,11.84,13.58,13.47,12.54
0.674028,-18.30,-6.38,1.80,6.84,9.46,2.25,8.67,11.60,12.40,12.09
0.683034,-19.81,-8.92,-0.79,4.69,7.89,-1.77,5.56,9.47,11.12,11.43
0.691965,-19.81,-10.47,-2.80,2.80,6.38,-5.15,2.67,7.32,9.71,10.60
0.700869,-18.32,-10.95,-4.16,1.26,5.02,-7.75,0.15,5.26,8.24,9.66
0.709803,-15.41,-10.39,-4.80,0.15,3.87,-9.45,-1.89,3.42,6.81,8.66
0.718821,-11.18,-8.78,-4.69,-0.48,3.00,-10.17,-3.34,1.87,5.48,7.66
0.727975,-5.77,-6.20,-3.85,-0.60,2.45,-9.85,-4.13,0.70,4.33,6.72
0.737310,0.59,-2.73,-2.29,-0.21,2.24,-8.46,-4.19,-0.02,3.42,5.87
0.746867,7.64,1.45,-0.10,0.68,2.38,-6.03,-3.51,-0.25,2.80,5.18
0.756590,14.95,6.12,2.60,2.02,2.87,-2.65,-2.09,0.04,2.52,4.69
0.766310,21.96,10.94,5.62,3.70,3.66,1.43,-0.06,0.82,2.58,4.41
0.776046,28.27,15.64,8.80,5.62,4.69,5.97,2.48,2.03,2.98,4.37
0.785810,33.50,19.97,11.95,7.70,5.91,10.73,5.37,3.59,3.67,4.54
0.795613,37.34,23.70,14.95,9.81,7.27,15.43,8.47,5.43,4.61,4.92
0.805463,39.53,26.62,17.61,11.87,8.69,19.81,11.61,7.46,5.77,5.49
0.815366,39.92,28.56,19.82,13.78,10.13,23.61,14.63,9.57,7.09,6.22
0.825326,38.45,29.37,21.43,15.44,11.50,26.60,17.35,11.65,8.50,7.08
0.835346,35.19,29.00,22.35,16.74,12.73,28.58,19.62,13.60,9.93,8.03
0.845425,30.30,27.39,22.47,17.61,13.76,29.39,21.28,15.30,11.32,9.02
0.855559,24.08,24.64,21.76,17.95,14.50,28.96,22.21,16.63,12.58,10.01
0.865576,17.04,20.91,20.24,17.71,14.89,27.31,22.32,17.49,13.60,10.93
0.875442,9.67,16.50,18.01,16.91,14.88,24.58,21.61,17.81,14.33,11.70
0.885162,2.42,11.65,15.21,15.59,14.47,20.98,20.14,17.57,14.71,12.28
0.894749,-4.29,6.70,12.02,13.83,13.69,16.73,18.00,16.80,14.71,12.63
0.904188,-10.09,1.94,8.65,11.74,12.57,12.12,15.33,15.53,14.33,12.73
0.913471,-14.69,-2.33,5.33,9.48,11.21,7.43,12.33,13.87,13.60,12.57
0.922610,-17.92,-5.90,2.24,7.19,9.69,2.92,9.17,11.92,12.58,12.15
0.931631,-19.67,-8.58,-0.42,5.01,8.12,-1.18,6.04,9.80,11.33,11.53
0.940572,-19.91,-10.29,-2.53,3.07,6.60,-4.67,3.10,7.65,9.93,10.72
0.949477,-18.65,-10.95,-3.99,1.47,5.21,-7.40,0.51,5.57,8.47,9.80
0.958403,-15.95,-10.55,-4.75,0.29,4.03,-9.25,-1.61,3.69,7.02,8.81
0.967404,-11.92,-9.09,-4.76,-0.42,3.11,-10.13,-3.16,2.09,5.67,7.81
0.976534,-6.69,-6.66,-4.03,-0.62,2.51,-9.97,-4.05,0.85,4.49,6.85
0.985838,-0.45,-3.33,-2.58,-0.31,2.24,-8.75,-4.23,0.06,3.54,5.99
0.995359,6.51,0.75,-0.49,0.51,2.33,-6.47,-3.66,-0.25,2.87,5.27
1.005083,13.82,5.38,2.16,1.79,2.77,-3.22,-2.36,-0.04,2.54,4.74
1.014802,20.91,10.19,5.14,3.42,3.52,0.76,-0.41,0.67,2.55,4.44
1.024535,27.35,14.93,8.30,5.31,4.51,5.24,2.06,1.81,2.89,4.36
1.034294,32.77,19.33,11.47,7.37,5.71,9.99,4.90,3.33,3.54,4.50
1.044091,36.85,23.18,14.50,9.48,7.05,14.71,7.98,5.13,4.45,4.85
1.053933,39.31,26.23,17.23,11.56,8.47,19.16,11.13,7.14,5.58,5.39
1.063827,39.98,28.33,19.52,13.50,9.90,23.07,14.18,9.24,6.87,6.09
1.073778,38.80,29.32,21.23,15.20,11.29,26.20,16.96,11.34,8.27,6.93
1.083789,35.81,29.14,22.26,16.57,12.55,28.34,19.30,13.31,9.71,7.87
1.093859,31.16,27.72,22.51,17.50,13.61,29.34,21.07,15.06,11.11,8.87
1.103984,25.12,25.14,21.93,17.93,14.41,29.11,22.12,16.45,12.40,9.86
1.114025,18.17,21.55,20.53,17.79,14.85,27.64,22.36,17.39,13.46,10.79
1.123915,10.82,17.22,18.40,17.07,14.91,25.07,21.78,17.80,14.24,11.59
1.133657,3.52,12.42,15.68,15.83,14.56,21.59,20.42,17.65,14.67,12.20
1.143265,-3.29,7.47,12.54,14.13,13.83,17.42,18.37,16.95,14.73,12.59
1.152728,-9.25,2.66,9.18,12.08,12.77,12.85,15.78,15.76,14.41,12.73
1.162035,-14.06,-1.70,5.83,9.84,11.43,8.15,12.81,14.15,13.74,12.61
1.171195,-17.52,-5.40,2.70,7.54,9.93,3.60,9.66,12.24,12.76,12.23
1.180232,-19.50,-8.23,-0.04,5.34,8.37,-0.57,6.52,10.14,11.53,11.64
1.189182,-19.97,-10.10,-2.24,3.35,6.83,-4.17,3.54,7.98,10.15,10.86
1.198089,-18.94,-10.91,-3.81,1.70,5.41,-7.03,0.89,5.89,8.69,9.95
1.207008,-16.47,-10.68,-4.68,0.45,4.20,-9.02,-1.31,3.97,7.24,8.97
1.215994,-12.63,-9.39,-4.80,-0.34,3.24,-10.06,-2.96,2.31,5.87,7.96
1.225101,-7.57,-7.10,-4.19,-0.62,2.58,-10.07,-3.96,1.02,4.66,6.99
1.234375,-1.48,-3.90,-2.85,-0.39,2.26,-9.01,-4.25,0.15,3.67,6.11
1.243860,5.39,0.07,-0.85,0.35,2.30,-6.90,-3.80,-0.23,2.96,5.37
1.253587,12.70,4.65,1.73,1.56,2.68,-3.78,-2.60,-0.10,2.57,4.81
1.263305,19.85,9.45,4.66,3.15,3.38,0.11,-0.75,0.53,2.53,4.47
1.273034,26.41,14.22,7.81,5.01,4.35,4.53,1.65,1.61,2.82,4.35
1.282789,32.02,18.68,10.99,7.05,5.52,9.25,4.45,3.07,3.42,4.46
1.292579,36.32,22.63,14.05,9.16,6.84,14.00,7.50,4.84,4.29,4.78
1.302413,39.04,25.81,16.83,11.25,8.25,18.51,10.65,6.82,5.39,5.29
1.312299,40.00,28.08,19.20,13.22,9.68,22.51,13.72,8.91,6.66,5.98
1.322242,39.11,29.24,21.01,14.96,11.08,25.78,16.55,11.02,8.05,6.80
1.332243,36.38,29.25,22.15,16.38,12.37,28.08,18.98,13.02,9.49,7.72
1.342304,31.97,28.01,22.52,17.39,13.47,29.27,20.84,14.81,10.90,8.71
1.352421,26.12,25.61,22.07,17.90,14.30,29.22,22.01,16.27,12.21,9.71
1.362485,19.28,22.15,20.79,17.85,14.81,27.94,22.38,17.28,13.32,10.65
1.372398,11.96,17.93,18.77,17.22,14.92,25.53,21.92,17.77,14.14,11.47
1.382162,4.63,13.18,16.13,16.05,14.64,22.18,20.67,17.71,14.63,12.12
1.391790,-2.29,8.23,13.04,14.42,13.97,18.10,18.72,17.09,14.75,12.55
1.401277,-8.40,3.38,9.70,12.42,12.95,13.57,16.20,15.97,14.49,12.73
1.410608,-13.40,-1.07,6.34,10.19,11.65,8.88,13.29,14.42,13.86,12.64
1.419789,-17.08,-4.88,3.16,7.89,10.17,4.28,10.15,12.55,12.92,12.31
1.428843,-19.29,-7.85,0.36,5.67,8.61,0.04,6.99,10.47,11.74,11.74
1.437804,-20.00,-9.87,-1.94,3.64,7.06,-3.66,3.98,8.31,10.37,10.99
1.446714,-19.20,-10.85,-3.61,1.93,5.62,-6.64,1.27,6.20,8.92,10.10
1.455628,-16.94,-10.79,-4.59,0.61,4.37,-8.77,-1.01,4.25,7.46,9.12
1.464600,-13.31,-9.65,-4.83,-0.25,3.37,-9.96,-2.74,2.55,6.07,8.12
1.473685,-8.43,-7.52,-4.33,-0.61,2.66,-10.13,-3.85,1.19,4.83,7.14
1.482930,-2.48,-4.45,-3.10,-0.46,2.29,-9.24,-4.26,0.25,3.80,6.24
1.492380,4.29,-0.59,-1.20,0.20,2.27,-7.29,-3.92,-0.21,3.05,5.47
1.502068,11.56,3.92,1.30,1.35,2.60,-4.32,-2.84,-0.16,2.60,4.88
1.511787,18.76,8.69,4.19,2.88,3.26,-0.54,-1.08,0.40,2.51,4.51
1.521514,25.44,13.49,7.31,4.70,4.18,3.81,1.24,1.41,2.75,4.36
1.531263,31.22,18.01,10.50,6.72,5.32,8.50,3.99,2.82,3.31,4.43
1.541047,35.74,22.06,13.59,8.83,6.62,13.26,7.01,4.55,4.14,4.72
1.550874,38.73,25.37,16.42,10.93,8.03,17.83,10.15,6.50,5.21,5.20
1.560752,39.97,27.79,18.86,12.92,9.46,21.93,13.25,8.58,6.46,5.86
1.570685,39.37,29.13,20.76,14.71,10.87,25.33,16.13,10.69,7.83,6.66
1.580677,36.92,29.33,22.02,16.19,12.18,27.79,18.63,12.72,9.27,7.57
1.590729,32.76,28.29,22.52,17.27,13.31,29.16,20.59,14.55,10.69,8.56
1.600838,27.12,26.06,22.20,17.86,14.19,29.31,21.88,16.07,12.02,9.56
1.610924,20.39,22.75,21.04,17.89,14.75,28.22,22.37,17.15,13.16,10.51
1.620861,13.12,18.63,19.13,17.35,14.93,25.98,22.04,17.73,14.03,11.36
1.630648,5.76,13.94,16.57,16.27,14.71,22.75,20.92,17.75,14.58,12.03
1.640296,-1.25,9.01,13.55,14.70,14.10,18.77,19.07,17.23,14.75,12.50
1.649806,-7.52,4.12,10.23,12.75,13.13,14.30,16.63,16.18,14.55,12.72
1.659162,-12.71,-0.41,6.86,10.55,11.87,9.61,13.76,14.69,13.98,12.67
1.668365,-16.60,-4.34,3.64,8.25,10.41,4.98,10.65,12.86,13.09,12.37
1.677437,-19.05,-7.45,0.76,6.00,8.85,0.67,7.48,10.80,11.93,11.84
1.686410,-19.99,-9.63,-1.62,3.94,7.30,-3.12,4.44,8.65,10.59,11.12
1.695325,-19.42,-10.77,-3.39,2.17,5.84,-6.23,1.67,6.52,9.15,10.24
1.704234,-17.39,-10.87,-4.49,0.79,4.55,-8.50,-0.68,4.54,7.69,9.28
1.713194,-13.96,-9.90,-4.84,-0.15,3.50,-9.84,-2.51,2.79,6.28,8.27
1.722258,-9.26,-7.92,-4.46,-0.59,2.75,-10.18,-3.72,1.38,5.01,7.29
1.731475,-3.47,-4.98,-3.34,-0.52,2.32,-9.45,-4.24,0.37,3.95,6.37
1.740890,3.19,-1.24,-1.54,0.07,2.25,-7.66,-4.02,-0.17,3.14,5.58
1.750539,10.41,3.18,0.87,1.14,2.52,-4.85,-3.05,-0.20,2.65,4.96
1.760259,17.65,7.93,3.71,2.62,3.13,-1.18,-1.39,0.28,2.50,4.55
1.769983,24.44,12.75,6.81,4.40,4.02,3.10,0.85,1.23,2.69,4.37
1.779729,30.39,17.33,10.00,6.39,5.13,7.75,3.54,2.58,3.20,4.40
1.789506,35.13,21.47,13.11,8.49,6.41,12.52,6.53,4.26,3.99,4.66
1.799326,38.37,24.91,16.00,10.60,7.80,17.13,9.66,6.18,5.03,5.11
1.809195,39.90,27.48,18.51,12.62,9.24,21.33,12.77,8.25,6.25,5.75
1.819120,39.59,29.00,20.51,14.44,10.65,24.85,15.70,10.36,7.61,6.53
1.829103,37.43,29.38,21.87,15.98,11.98,27.47,18.27,12.41,9.04,7.42
1.839145,33.52,28.53,22.49,17.13,13.15,29.02,20.33,14.28,10.47,8.40
1.849245,28.09,26.49,22.31,17.80,14.07,29.37,21.73,15.85,11.82,9.40
1.859355,21.49,23.33,21.28,17.93,14.69,28.47,22.35,17.02,13.00,10.37
1.869315,14.27,19.32,19.48,17.48,14.93,26.40,22.15,17.67,13.92,11.23
1.879125,6.90,14.70,17.01,16.47,14.77,23.31,21.14,17.79,14.51,11.94
1.888794,-0.19,9.79,14.04,14.97,14.22,19.44,19.40,17.34,14.75,12.44
1.898327,-6.60,4.86,10.76,13.07,13.30,15.02,17.04,16.37,14.61,12.70
1.907707,-11.98,0.27,7.38,10.90,12.08,10.35,14.23,14.95,14.09,12.70
1.916934,-16.08,-3.77,4.12,8.61,10.65,5.69,11.14,13.16,13.25,12.44
1.926024,-18.76,-7.02,1.18,6.35,9.10,1.32,7.97,11.13,12.13,11.94
1.935010,-19.94,-9.35,-1.29,4.25,7.54,-2.57,4.90,8.99,10.81,11.24
1.943931,-19.61,-10.66,-3.16,2.42,6.06,-5.79,2.08,6.85,9.38,10.39
1.952837,-17.80,-10.92,-4.36,0.98,4.74,-8.20,-0.35,4.83,7.91,9.43
1.961785,-14.58,-10.12,-4.84,-0.03,3.65,-9.70,-2.26,3.05,6.50,8.43
1.970829,-10.08,-8.29,-4.57,-0.55,2.85,-10.19,-3.58,1.57,5.20,7.44
1.980020,-4.44,-5.50,-3.56,-0.56,2.37,-9.64,-4.21,0.50,4.10,6.51
1.989401,2.10,-1.87,-1.86,-0.06,2.24,-8.01,-4.11,-0.12,3.25,5.70
1.999012,9.26,2.46,0.46,0.94,2.46,-5.35,-3.26,-0.23,2.71,5.05
2.008732,16.53,7.18,3.25,2.36,3.02,-1.80,-1.69,0.17,2.50,4.60
2.018455,23.42,12.00,6.32,4.11,3.86,2.40,0.46,1.05,2.64,4.38
2.028196,29.52,16.63,9.50,6.07,4.95,7.01,3.09,2.34,3.10,4.38
2.037968,34.48,20.86,12.64,8.16,6.20,11.78,6.04,3.98,3.85,4.61
2.047781,37.97,24.42,15.57,10.27,7.58,16.43,9.16,5.87,4.85,5.03
2.057642,39.78,27.14,18.15,12.31,9.01,20.71,12.29,7.92,6.05,5.64
2.067557,39.76,28.83,20.23,14.17,10.43,24.35,15.26,10.03,7.39,6.40
2.077531,37.88,29.40,21.70,15.76,11.78,27.13,17.90,12.10,8.81,7.28
2.087564,34.24,28.74,22.45,16.98,12.98,28.86,20.04,14.00,10.25,8.24
2.097655,29.03,26.89,22.39,17.73,13.95,29.40,21.55,15.63,11.61,9.24
2.107788,22.58,23.89,21.49,17.94,14.62,28.69,22.31,16.87,12.83,10.22
2.117772,15.42,19.99,19.81,17.58,14.92,26.79,22.24,17.61,13.79,11.11
2.127605,8.04,15.44,17.43,16.66,14.82,23.85,21.35,17.81,14.44,11.84
2.137295,0.88,10.56,14.53,15.23,14.33,20.08,19.72,17.45,14.74,12.38
2.146851,-5.66,5.62,11.28,13.39,13.47,15.73,17.45,16.56,14.65,12.67
2.156255,-11.22,0.95,7.91,11.25,12.29,11.08,14.69,15.20,14.20,12.71
2.165505,-15.53,-3.19,4.62,8.97,10.88,6.41,11.64,13.46,13.40,12.49
2.174615,-18.44,-6.57,1.61,6.69,9.35,1.97,8.47,11.46,12.32,12.03
2.183614,-19.86,-9.05,-0.94,4.56,7.78,-2.01,5.37,9.32,11.03,11.36
2.192543,-19.76,-10.52,-2.91,2.69,6.28,-5.34,2.50,7.18,9.61,10.53
2.201447,-18.18,-10.95,-4.22,1.18,4.93,-7.89,0.00,5.14,8.14,9.58
2.210385,-15.17,-10.31,-4.81,0.09,3.80,-9.53,-2.00,3.31,6.71,8.59
2.219411,-10.86,-8.64,-4.66,-0.50,2.95,-10.19,-3.41,1.78,5.39,7.59
2.228575,-5.38,-5.99,-3.77,-0.59,2.42,-9.79,-4.15,0.64,4.26,6.65
2.237924,1.03,-2.49,-2.17,-0.17,2.23,-8.34,-4.17,-0.05,3.36,5.81
2.247497,8.11,1.74,0.06,0.75,2.40,-5.83,-3.44,-0.25,2.77,5.14
2.257219,15.41,6.43,2.79,2.12,2.91,-2.40,-1.98,0.08,2.51,4.65
2.266940,22.39,11.25,5.83,3.82,3.72,1.71,0.09,0.88,2.60,4.40
2.276678,28.64,15.93,9.00,5.76,4.76,6.27,2.66,2.12,3.01,4.37
2.286444,33.79,20.24,12.16,7.83,6.00,11.03,5.57,3.70,3.72,4.56
2.296250,37.53,23.92,15.13,9.95,7.36,15.72,8.67,5.56,4.68,4.95
2.306103,39.61,26.78,17.77,12.00,8.79,20.08,11.81,7.59,5.85,5.53
2.316009,39.88,28.64,19.94,13.90,10.22,23.83,14.81,9.70,7.17,6.27
2.325974,38.30,29.39,21.52,15.54,11.58,26.76,17.51,11.78,8.59,7.13
2.335998,34.92,28.92,22.38,16.82,12.80,28.66,19.75,13.72,10.03,8.09
2.346080,29.94,27.25,22.45,17.64,13.81,29.40,21.37,15.40,11.41,9.09
2.356217,23.64,24.42,21.69,17.95,14.54,28.88,22.24,16.70,12.65,10.08
2.366225,16.56,20.65,20.12,17.68,14.90,27.16,22.30,17.53,13.66,10.98
2.376081,9.19,16.18,17.84,16.84,14.86,24.37,21.54,17.81,14.36,11.74
2.385792,1.96,11.33,15.01,15.49,14.43,20.72,20.02,17.54,14.72,12.31
2.395370,-4.70,6.38,11.80,13.70,13.62,16.44,17.84,16.73,14.69,12.64
2.404799,-10.43,1.65,8.43,11.60,12.49,11.81,15.15,15.44,14.29,12.73
2.414072,-14.95,-2.59,5.12,9.33,11.11,7.13,12.12,13.75,13.54,12.55
2.423202,-18.08,-6.10,2.06,7.04,9.59,2.64,8.96,11.78,12.50,12.12
2.432217,-19.74,-8.73,-0.57,4.88,8.02,-1.42,5.84,9.66,11.24,11.48
2.441153,-19.87,-10.36,-2.65,2.96,6.50,-4.87,2.92,7.51,9.83,10.67
2.450058,-18.52,-10.96,-4.06,1.38,5.13,-7.55,0.36,5.44,8.37,9.74
2.458987,-15.73,-10.48,-4.77,0.23,3.96,-9.34,-1.73,3.57,6.93,8.74
2.467996,-11.61,-8.97,-4.73,-0.44,3.06,-10.15,-3.24,1.99,5.59,7.74
2.477135,-6.31,-6.47,-3.95,-0.61,2.48,-9.93,-4.09,0.79,4.42,6.79
2.486453,-0.02,-3.09,-2.46,-0.27,2.24,-8.63,-4.22,0.02,3.48,5.94
2.495988,6.98,1.04,-0.33,0.58,2.35,-6.29,-3.60,-0.25,2.84,5.23
2.505712,14.29,5.69,2.34,1.88,2.81,-2.99,-2.25,-0.01,2.53,4.71
2.515432,21.35,10.51,5.34,3.53,3.57,1.04,-0.26,0.73,2.56,4.42
2.525166,27.73,15.23,8.51,5.44,4.59,5.55,2.23,1.90,2.93,4.36
2.534927,33.08,19.60,11.67,7.50,5.80,10.29,5.10,3.44,3.59,4.51
2.544726,37.06,23.39,14.69,9.62,7.14,15.01,8.19,5.26,4.52,4.88
2.554571,39.41,26.40,17.39,11.69,8.56,19.43,11.33,7.27,5.66,5.43
2.564469,39.96,28.42,19.64,13.62,10.00,23.30,14.36,9.38,6.96,6.14
2.574424,38.66,29.35,21.32,15.30,11.37,26.37,17.12,11.47,8.37,6.99
2.584439,35.55,29.08,22.30,16.64,12.63,28.44,19.44,13.43,9.80,7.94
2.594513,30.80,27.59,22.50,17.55,13.67,29.37,21.16,15.16,11.20,8.93
2.604641,24.69,24.93,21.86,17.94,14.45,29.05,22.16,16.53,12.47,9.93
2.614672,17.70,21.29,20.41,17.76,14.87,27.50,22.35,17.43,13.52,10.85
2.624552,10.34,16.91,18.24,17.01,14.90,24.87,21.71,17.80,14.28,11.63
2.634285,3.06,12.10,15.48,15.73,14.53,21.34,20.30,17.62,14.69,12.23
2.643885,-3.71,7.15,12.32,14.00,13.77,17.14,18.22,16.89,14.72,12.61
2.653337,-9.60,2.36,8.96,11.94,12.69,12.55,15.59,15.67,14.38,12.73
2.662635,-14.33,-1.97,5.62,9.69,11.34,7.85,12.61,14.03,13.68,12.59
2.671786,-17.69,-5.60,2.51,7.39,9.83,3.32,9.46,12.10,12.68,12.20
2.680816,-19.58,-8.38,-0.20,5.20,8.27,-0.83,6.32,10.00,11.45,11.59
2.689762,-19.95,-10.18,-2.36,3.23,6.73,-4.38,3.36,7.84,10.06,10.80
2.698668,-18.83,-10.93,-3.89,1.60,5.33,-7.18,0.73,5.76,8.60,9.89
2.707590,-16.26,-10.62,-4.71,0.38,4.13,-9.12,-1.44,3.85,7.15,8.90
2.716582,-12.34,-9.27,-4.79,-0.37,3.18,-10.09,-3.04,2.22,5.79,7.90
2.725698,-7.21,-6.92,-4.12,-0.62,2.55,-10.03,-4.00,0.95,4.59,6.93
2.734985,-1.05,-3.67,-2.74,-0.36,2.25,-8.91,-4.25,0.11,3.61,6.06
2.744484,5.85,0.36,-0.70,0.41,2.31,-6.72,-3.75,-0.24,2.92,5.33
2.754210,13.17,4.95,1.91,1.66,2.72,-3.55,-2.50,-0.08,2.55,4.78
2.763929,20.29,9.76,4.86,3.26,3.44,0.38,-0.61,0.58,2.54,4.45
2.773660,26.81,14.51,8.02,5.14,4.42,4.83,1.82,1.69,2.85,4.35
2.783416,32.34,18.96,11.19,7.18,5.60,9.56,4.64,3.18,3.47,4.48
2.793208,36.54,22.86,14.24,9.30,6.93,14.30,7.70,4.96,4.36,4.81
2.803046,39.16,25.99,17.00,11.38,8.34,18.78,10.85,6.95,5.47,5.33
2.812936,40.00,28.18,19.33,13.34,9.78,22.75,13.91,9.05,6.75,6.02
2.822882,38.98,29.28,21.10,15.06,11.17,25.96,16.72,11.15,8.15,6.85
2.832887,36.15,29.20,22.20,16.46,12.44,28.19,19.11,13.14,9.58,7.79
2.842952,31.63,27.90,22.52,17.44,13.53,29.30,20.94,14.91,10.99,8.78
2.853072,25.71,25.41,22.02,17.92,14.35,29.18,22.06,16.35,12.29,9.77
2.863126,18.82,21.91,20.68,17.82,14.83,27.82,22.37,17.33,13.38,10.71
2.873030,11.49,17.63,18.62,17.16,14.92,25.34,21.86,17.78,14.18,11.52
2.882785,4.17,12.87,15.94,15.96,14.61,21.93,20.57,17.68,14.65,12.15
2.892404,-2.71,7.91,12.83,14.30,13.91,17.82,18.58,17.04,14.74,12.57
2.901881,-8.76,3.08,9.48,12.28,12.87,13.27,16.03,15.89,14.46,12.73
2.911202,-13.68,-1.34,6.13,10.05,11.56,8.58,13.09,14.31,13.81,12.63
2.920375,-17.26,-5.09,2.97,7.75,10.07,4.00,9.95,12.42,12.86,12.28
2.929422,-19.38,-8.01,0.19,5.53,8.51,-0.22,6.79,10.33,11.65,11.70
2.938378,-19.99,-9.97,-2.07,3.52,6.96,-3.87,3.80,8.17,10.28,10.93
2.947287,-19.10,-10.89,-3.70,1.83,5.54,-6.80,1.11,6.07,8.83,10.04
2.956202,-16.75,-10.74,-4.63,0.54,4.30,-8.88,-1.14,4.13,7.37,9.06
2.965180,-13.03,-9.55,-4.82,-0.29,3.31,-10.01,-2.83,2.45,5.99,8.05
2.974274,-8.07,-7.35,-4.27,-0.62,2.63,-10.11,-3.90,1.12,4.76,7.08
2.983531,-2.07,-4.23,-3.00,-0.43,2.28,-9.15,-4.26,0.21,3.75,6.19
2.992995,4.75,-0.31,-1.06,0.26,2.28,-7.13,-3.87,-0.22,3.01,5.43
3.002700,12.03,4.22,1.47,1.44,2.63,-4.10,-2.74,-0.14,2.59,4.85
3.012418,19.21,9.01,4.39,2.99,3.31,-0.27,-0.94,0.45,2.52,4.49
3.022146,25.85,13.79,7.52,4.83,4.25,4.11,1.41,1.49,2.78,4.35
3.031898,31.56,18.30,10.70,6.85,5.40,8.81,4.18,2.93,3.35,4.44
3.041684,35.99,22.29,13.78,8.97,6.71,13.57,7.21,4.67,4.20,4.74
3.051514,38.86,25.56,16.59,11.06,8.12,18.11,10.36,6.63,5.28,5.24
3.061395,39.99,27.91,19.00,13.05,9.56,22.18,13.45,8.72,6.54,5.91
3.071332,39.26,29.19,20.87,14.81,10.96,25.52,16.31,10.83,7.92,6.72
3.081329,36.70,29.29,22.08,16.27,12.26,27.92,18.78,12.85,9.36,7.64
3.091384,32.44,28.18,22.52,17.32,13.38,29.21,20.70,14.66,10.78,8.62
3.101496,26.71,25.87,22.15,17.88,14.24,29.28,21.93,16.15,12.10,9.62
3.111573,19.93,22.51,20.94,17.87,14.78,28.11,22.38,17.21,13.23,10.57
3.121500,12.64,18.33,18.98,17.30,14.93,25.79,21.99,17.75,14.08,11.41
3.131278,5.29,13.63,16.39,16.18,14.68,22.52,20.82,17.74,14.60,12.07
3.140917,-1.68,8.68,13.34,14.58,14.05,18.50,18.93,17.17,14.75,12.52
3.150418,-7.89,3.81,10.01,12.61,13.05,14.00,16.45,16.10,14.52,12.72
3.159763,-13.00,-0.69,6.64,10.40,11.78,9.30,13.56,14.58,13.93,12.66
3.168957,-16.80,-4.56,3.44,8.10,10.31,4.69,10.44,12.73,13.02,12.35
3.178022,-19.15,-7.62,0.59,5.86,8.75,0.41,7.28,10.66,11.85,11.80
3.186990,-20.00,-9.73,-1.76,3.81,7.20,-3.35,4.25,8.51,10.50,11.06
3.195902,-19.33,-10.81,-3.49,2.07,5.75,-6.40,1.50,6.39,9.06,10.18
3.204813,-17.20,-10.83,-4.53,0.71,4.47,-8.62,-0.82,4.42,7.59,9.21
3.213778,-13.69,-9.80,-4.84,-0.19,3.45,-9.90,-2.61,2.69,6.20,8.21
3.222850,-8.92,-7.75,-4.41,-0.60,2.71,-10.16,-3.78,1.30,4.94,7.22
3.232079,-3.06,-4.77,-3.24,-0.49,2.31,-9.37,-4.25,0.32,3.89,6.32
3.241508,3.65,-0.96,-1.40,0.12,2.25,-7.51,-3.98,-0.19,3.10,5.54
3.251174,10.88,3.48,1.05,1.23,2.56,-4.63,-2.97,-0.19,2.63,4.93
3.260893,18.11,8.25,3.91,2.73,3.18,-0.92,-1.26,0.33,2.50,4.53
3.270618,24.86,13.05,7.02,4.53,4.09,3.40,1.01,1.30,2.72,4.36
3.280365,30.74,17.62,10.20,6.53,5.21,8.06,3.72,2.68,3.25,4.42
3.290146,35.39,21.71,13.31,8.63,6.50,12.83,6.73,4.38,4.05,4.68
3.299968,38.52,25.11,16.17,10.74,7.89,17.42,9.87,6.31,5.10,5.15
3.309841,39.93,27.61,18.66,12.75,9.33,21.58,12.97,8.39,6.34,5.79
3.319769,39.50,29.06,20.61,14.55,10.74,25.05,15.88,10.50,7.70,6.58
3.329756,37.22,29.36,21.93,16.07,12.06,27.61,18.42,12.54,9.13,7.49
3.339802,33.21,28.44,22.50,17.18,13.21,29.09,20.44,14.39,10.56,8.46
3.349906,27.69,26.31,22.26,17.83,14.13,29.35,21.79,15.94,11.90,9.46
3.360006,21.04,23.10,21.18,17.91,14.72,28.37,22.36,17.08,13.07,10.43
3.369957,13.79,19.03,19.34,17.43,14.93,26.22,22.11,17.70,13.97,11.29
3.379757,6.42,14.39,16.83,16.39,14.75,23.08,21.05,17.77,14.54,11.98
3.389417,-0.63,9.46,13.84,14.86,14.17,19.16,19.27,17.30,14.75,12.46
3.398941,-6.98,4.56,10.54,12.94,13.23,14.72,16.87,16.30,14.59,12.71
3.408311,-12.28,-0.02,7.17,10.76,12.00,10.04,14.04,14.84,14.05,12.69
3.417528,-16.30,-4.00,3.92,8.46,10.55,5.40,10.94,13.03,13.18,12.41
3.426610,-18.88,-7.20,1.01,6.20,9.00,1.05,7.77,10.99,12.05,11.90
3.435591,-19.97,-9.47,-1.43,4.12,7.44,-2.80,4.71,8.85,10.72,11.19
3.444509,-19.54,-10.71,-3.26,2.32,5.97,-5.97,1.91,6.71,9.28,10.33
3.453416,-17.63,-10.90,-4.42,0.90,4.66,-8.33,-0.49,4.71,7.82,9.37
3.462369,-14.33,-10.03,-4.84,-0.08,3.59,-9.76,-2.37,2.94,6.41,8.36
3.471421,-9.74,-8.14,-4.53,-0.57,2.80,-10.19,-3.64,1.49,5.12,7.37
3.480623,-4.04,-5.29,-3.47,-0.54,2.35,-9.56,-4.22,0.44,4.04,6.45
3.490018,2.55,-1.61,-1.73,-0.01,2.24,-7.87,-4.07,-0.14,3.21,5.65
3.499644,9.73,2.75,0.63,1.02,2.49,-5.15,-3.17,-0.22,2.68,5.01
3.509364,17.00,7.49,3.44,2.47,3.06,-1.55,-1.57,0.21,2.50,4.58
3.519088,23.85,12.30,6.52,4.23,3.93,2.69,0.62,1.12,2.66,4.37
3.528831,29.88,16.92,9.70,6.20,5.02,7.32,3.27,2.44,3.14,4.39
3.538605,34.75,21.11,12.83,8.30,6.29,12.09,6.24,4.09,3.91,4.63
3.548420,38.14,24.63,15.74,10.41,7.67,16.72,9.37,6.00,4.92,5.06
3.558285,39.83,27.28,18.30,12.44,9.10,20.97,12.49,8.06,6.13,5.68
3.568204,39.69,28.91,20.35,14.29,10.52,24.56,15.44,10.17,7.48,6.45
3.578181,37.70,29.39,21.77,15.85,11.86,27.28,18.05,12.23,8.91,7.34
3.588218,33.95,28.66,22.47,17.04,13.05,28.93,20.16,14.12,10.34,8.31
3.598313,28.65,26.72,22.36,17.76,14.00,29.39,21.63,15.72,11.70,9.31
3.608436,22.13,23.66,21.40,17.94,14.65,28.60,22.33,16.93,12.90,10.28
3.618411,14.95,19.71,19.67,17.54,14.92,26.63,22.20,17.64,13.84,11.16
3.628234,7.56,15.14,17.26,16.58,14.80,23.63,21.27,17.80,14.47,11.88
3.637915,0.43,10.24,14.33,15.13,14.29,19.82,19.59,17.41,14.74,12.40
3.647462,-6.05,5.31,11.07,13.26,13.40,15.44,17.28,16.48,14.64,12.69
3.656856,-11.53,0.66,7.69,11.11,12.20,10.78,14.50,15.09,14.16,12.71
3.666096,-15.76,-3.43,4.41,8.82,10.79,6.11,11.43,13.34,13.34,12.47
3.675198,-18.58,-6.76,1.44,6.55,9.25,1.70,8.26,11.32,12.24,11.99
3.684192,-19.90,-9.18,-1.08,4.43,7.68,-2.24,5.17,9.18,10.94,11.31
3.693117,-19.70,-10.59,-3.02,2.58,6.19,-5.53,2.32,7.04,9.51,10.47
3.702022,-18.02,-10.94,-4.28,1.09,4.85,-8.02,-0.14,5.01,8.05,9.52
3.710964,-14.93,-10.24,-4.82,0.04,3.74,-9.60,-2.11,3.20,6.62,8.52
3.719997,-10.54,-8.50,-4.62,-0.53,2.91,-10.19,-3.48,1.69,5.31,7.53
3.729172,-5.00,-5.79,-3.68,-0.58,2.40,-9.73,-4.18,0.58,4.19,6.59
3.738535,1.47,-2.23,-2.05,-0.13,2.23,-8.21,-4.15,-0.08,3.32,5.77
3.748123,8.59,2.03,0.22,0.83,2.42,-5.64,-3.36,-0.24,2.74,5.10
3.757844,15.88,6.74,2.98,2.22,2.95,-2.16,-1.86,0.11,2.51,4.63
3.767566,22.82,11.56,6.03,3.94,3.78,1.99,0.24,0.95,2.62,4.39
3.777305,29.01,16.23,9.21,5.88,4.84,6.58,2.83,2.21,3.05,4.37
3.787074,34.08,20.49,12.36,7.97,6.08,11.34,5.76,3.82,3.77,4.58
3.796882,37.72,24.13,15.31,10.08,7.45,16.02,8.88,5.69,4.75,4.98
3.806738,39.69,26.93,17.93,12.13,8.88,20.34,12.01,7.73,5.93,5.57
3.816649,39.84,28.73,20.06,14.01,10.31,24.05,15.00,9.84,7.26,6.32
3.826617,38.13,29.39,21.60,15.63,11.66,26.92,17.67,11.91,8.68,7.19
3.836644,34.64,28.86,22.41,16.88,12.88,28.75,19.87,13.84,10.12,8.15
3.846731,29.57,27.10,22.43,17.68,13.87,29.40,21.45,15.49,11.49,9.15
3.856871,23.20,24.20,21.61,17.95,14.57,28.81,22.27,16.77,12.73,10.14
3.866869,16.09,20.37,19.99,17.64,14.91,27.01,22.28,17.56,13.72,11.03
3.876715,8.71,15.88,17.67,16.77,14.85,24.16,21.46,17.81,14.40,11.78
3.886418,1.51,11.01,14.82,15.38,14.39,20.46,19.90,17.50,14.73,12.34
3.895987,-5.10,6.06,11.59,13.57,13.56,16.15,17.68,16.66,14.68,12.66
3.905405,-10.76,1.36,8.21,11.46,12.41,11.51,14.96,15.34,14.25,12.72
3.914668,-15.20,-2.84,4.91,9.18,11.02,6.83,11.92,13.63,13.49,12.52
3.923790,-18.24,-6.30,1.87,6.90,9.49,2.36,8.75,11.65,12.43,12.08
3.932799,-19.79,-8.87,-0.73,4.74,7.92,-1.67,5.64,9.52,11.15,11.43
3.941731,-19.83,-10.44,-2.76,2.84,6.41,-5.07,2.74,7.37,9.74,10.61
3.950636,-18.38,-10.96,-4.13,1.29,5.04,-7.69,0.21,5.32,8.27,9.67
3.959569,-15.50,-10.41,-4.79,0.17,3.89,-9.42,-1.84,3.46,6.84,8.68
3.968584,-11.30,-8.83,-4.70,-0.47,3.02,-10.17,-3.31,1.90,5.51,7.68
3.977734,-5.93,-6.27,-3.88,-0.61,2.45,-9.87,-4.12,0.72,4.35,6.73
3.987065,0.42,-2.84,-2.35,-0.23,2.23,-8.51,-4.20,-0.01,3.43,5.88
3.996615,7.45,1.33,-0.17,0.65,2.37,-6.10,-3.54,-0.25,2.81,5.19
4.006339,14.76,6.00,2.53,1.98,2.85,-2.75,-2.14,0.03,2.52,4.69
